Campaign ID,Campaign,Tier,Event Date or Window,Campaign Start,Peak Purchase Start,Peak Purchase End,Campaign End,Primary Customers,Primary Products,Primary Search Intent,Homepage / Merchandising Direction,Supporting Promotion,SEO Opportunity,Recommended CTA,Source / Planning Note
back-to-school-2026,Back to School & First Days,1,July 15-September 15,2026-08-07,2026-08-07,2026-08-28,2026-09-07,"Schools, districts, PTAs/PTOs, athletic departments","Vinyl banners, yard signs","back to school banners; first day of school banner; school welcome banner",Bright real school entrance with professionally branded welcome banner,"Popular Right Now cards for open house, fall sports, and school events",Back to School Banner Ideas,Create a School Banner,"National buying window; individual district dates vary"
labor-day-2026,Labor Day Sales & Fall Kickoff,1,2026-09-07,2026-08-17,2026-08-24,2026-09-03,2026-09-07,"Retailers, restaurants, service businesses, event organizers","Vinyl banners, yard signs","Labor Day sale banner; fall sale signs",Bright storefront or outdoor event with premium seasonal sale banner,Deadline strip plus fall-event product cards,Labor Day Sale Banner Ideas,Create a Labor Day Banner,https://www.opm.gov/policy-data-oversight/pay-leave/federal-holidays/
fall-sports-2026,Fall Sports Homecoming & Senior Night,1,August-October,2026-08-10,2026-08-10,2026-09-30,2026-10-15,"Schools, booster clubs, youth leagues, colleges","Vinyl banners, yard signs","senior night banners; football banners; homecoming banners",Real stadium or gym with team-branded recognition banner,Sponsor and schedule banner inspiration,Senior Night Banner Ideas,Design a Team Banner,"National season window"
election-2026,Election & Campaign Signage,2,2026-11-03,2026-08-15,2026-09-01,2026-10-23,2026-11-03,"Candidates, committees, advocacy organizations","Yard signs, vinyl banners, car magnets","political yard signs; campaign banners; election signs",Neutral nonpartisan signage merchandising module,Compliance-aware yard-sign and banner links,Political Campaign Banner Guide,Shop Campaign Signs,"Federal general election is the first Tuesday after the first Monday in November"
fall-community-2026,Fall Festivals Church Events & Fundraisers,2,September-October,2026-09-01,2026-09-01,2026-10-20,2026-10-31,"Churches, nonprofits, schools, municipalities","Vinyl banners, yard signs","fall festival banner; church event banner; fundraiser signs",Bright community festival scene with a clear event banner,Seasonal category cards and fundraiser use cases,Fall Festival Banner Planning Guide,Create an Event Banner,"National fall event window"
halloween-2026,Halloween Events & Promotions,2,2026-10-31,2026-09-21,2026-10-01,2026-10-23,2026-10-31,"Retailers, schools, churches, attractions, community groups","Vinyl banners, yard signs","Halloween banner; trunk or treat signs; fall event banner",Daylight family-friendly event graphics rather than dark horror imagery,Trunk-or-treat and event-direction cards,Halloween Event Signage Ideas,Design Your Banner,"Commercial observance"
veterans-day-2026,Veterans Day & Community Recognition,2,2026-11-11,2026-10-12,2026-10-19,2026-11-05,2026-11-11,"Schools, municipalities, nonprofits, veteran organizations","Vinyl banners, yard signs","Veterans Day banner; parade banner; recognition signs",Respectful bright civic recognition imagery,Parade and ceremony signage cards,Veterans Day Banner Ideas,Create a Recognition Banner,https://www.opm.gov/policy-data-oversight/pay-leave/federal-holidays/
thanksgiving-2026,Thanksgiving Food Drives & Fall Events,2,2026-11-26,2026-10-19,2026-11-02,2026-11-19,2026-11-26,"Churches, food banks, schools, restaurants, community groups","Vinyl banners, yard signs","Thanksgiving banner; food drive signs; community dinner banner",Bright community collection or event scene,Food-drive and event-direction cards,Thanksgiving Event Banner Ideas,Create a Thanksgiving Banner,https://www.opm.gov/policy-data-oversight/pay-leave/federal-holidays/
holiday-sales-2026,Black Friday Small Business Saturday & Cyber Monday,1,2026-11-27 to 2026-11-30,2026-11-02,2026-11-09,2026-11-23,2026-11-30,"Retailers, restaurants, local service businesses","Vinyl banners, yard signs, car magnets","Black Friday banner; Small Business Saturday signs; holiday sale banner",Bright retail storefront with believable sale signage,Deadline strip plus sale and pickup-direction cards,Holiday Retail Banner Planning Guide,Create a Holiday Sale Banner,"Dates follow Thanksgiving weekend"
holiday-events-2026,Christmas & Holiday Events,1,December 1-23,2026-11-15,2026-11-16,2026-12-15,2026-12-23,"Retailers, schools, churches, nonprofits, event venues","Vinyl banners, yard signs","Christmas banner; holiday event signs; church Christmas banner",Bright daytime retail or community holiday scene,Holiday event and directional signage cards,Christmas and Holiday Banner Ideas,Design Holiday Signage,"End before the primary event passes"
new-year-2027,New Year's Eve & Year-End Promotions,2,2026-12-31 to 2027-01-01,2026-12-14,2026-12-14,2026-12-28,2027-01-02,"Event venues, restaurants, retailers, service businesses","Vinyl banners, yard signs","New Year's Eve banner; year-end sale banner",Bright celebration venue or storefront without generic confetti overload,Year-end sale and event cards,New Year's Event Banner Ideas,Create a New Year's Banner,"Commercial observance"
business-refresh-2027,New Year Business Refresh & Now Hiring,1,January-February,2027-01-02,2027-01-02,2027-01-22,2027-02-15,"Small businesses, gyms, contractors, recruiters","Vinyl banners, yard signs, car magnets","now hiring banner; new year sale signs; business banner",Real small-business storefront and service vehicle branding,Now hiring and business visibility cards,Now Hiring Banner and Sign Guide,Refresh Your Business Signage,"Seasonal business planning window"
winter-trade-shows-2027,Winter & Spring Trade Show Season,1,January-April,2027-01-04,2027-01-04,2027-03-15,2027-04-30,"Exhibitors, event marketers, associations","Vinyl banners","trade show banner; booth banner; conference signage",Professional exhibit booth with accurate banner installation,Upcoming trade show and booth-size modules,Trade Show Banner Checklist,Prepare Your Booth Banner,"National conference buying window"
mardi-gras-2027,Mardi Gras Parades & Events,2,2027-02-09,2027-01-04,2027-01-11,2027-02-02,2027-02-09,"Restaurants, bars, event organizers, schools, community groups","Vinyl banners, yard signs","Mardi Gras banner; parade signs; event banner",Bright parade-prep or venue scene using purple gold and green,Event and directional signage cards,Mardi Gras Event Banner Ideas,Create Mardi Gras Signage,"2027 date verified from U.S. observance calendars"
school-registration-2027,School Registration & Spring Open House,2,January-April,2027-01-04,2027-01-11,2027-03-15,2027-04-01,"Schools, districts, preschools, colleges","Vinyl banners, yard signs","school registration banner; open house signs; enrollment banner",Bright campus entrance and registration signage,Enrollment and directional sign cards,School Registration Signage Checklist,Create Enrollment Signage,"National planning window; local dates vary"
valentines-2027,Valentine's Day Promotions & Fundraisers,2,2027-02-14,2027-01-11,2027-01-18,2027-02-07,2027-02-14,"Retailers, restaurants, schools, nonprofits, event venues","Vinyl banners, yard signs","Valentine's Day banner; fundraiser banner",Bright real venue or storefront with tasteful event graphics,Promotion and fundraiser cards,Valentine's Event Banner Ideas,Design Valentine's Signage,https://www.timeanddate.com/holidays/us/2027
big-game-2027,Big Game Parties & Sports Promotions,2,2027-02-14,2027-01-18,2027-01-25,2027-02-08,2027-02-14,"Restaurants, bars, retailers, schools, community groups","Vinyl banners, yard signs","football party banner; game day banner; sports event signs",Generic non-trademarked game-day venue with custom event banner,Game-day and directional cards,Game Day Banner Ideas,Create Game Day Signage,https://www.nfl.com/news/mercedes-benz-stadium-in-atlanta-to-host-super-bowl-lxii-in-2028
st-patricks-2027,St. Patrick's Day Events & Promotions,2,2027-03-17,2027-02-15,2027-02-22,2027-03-10,2027-03-17,"Restaurants, bars, retailers, schools, community groups","Vinyl banners, yard signs","St. Patrick's Day banner; parade signs",Bright daytime storefront or parade-prep scene,Event and directional cards,St. Patrick's Day Banner Ideas,Create Event Signage,https://www.timeanddate.com/holidays/us/2027
spring-sports-2027,Spring Sports Teams & Tournaments,2,February-May,2027-02-01,2027-02-15,2027-04-15,2027-05-31,"Schools, booster clubs, youth leagues, tournament organizers","Vinyl banners, yard signs","baseball banner; softball banner; tournament signs",Real field or gym with team and sponsor banners,Schedule sponsor and directional sign cards,Spring Sports Banner Guide,Create Team Signage,"National season window"
easter-2027,Easter & Church Events,1,2027-03-28,2027-02-15,2027-02-22,2027-03-21,2027-03-28,"Churches, schools, nonprofits, community groups","Vinyl banners, yard signs","Easter church banner; Easter event signs",Bright church or community exterior with professionally branded event banner,Service-time directional and event cards,Easter Church Banner Ideas,Create Easter Signage,https://www.timeanddate.com/holidays/us/2027
spring-openings-2027,Spring Grand Openings & Outdoor Business Season,1,March-June,2027-02-15,2027-03-01,2027-05-15,2027-06-15,"Retailers, restaurants, home-service businesses, contractors","Vinyl banners, yard signs, car magnets","grand opening banner; reopening signs; contractor car magnets",Real attractive storefront opening with a substantial custom banner,Business visibility product cards,Grand Opening Banner Ideas,Create a Grand Opening Banner,"Seasonal business-intent window"
graduation-2027,Graduation Prom & Last Day of School,1,March-June,2027-03-01,2027-03-15,2027-05-31,2027-06-15,"Schools, colleges, families, event venues","Vinyl banners, yard signs","graduation banner; senior banner; last day of school banner",Real graduation or campus celebration with polished recognition signage,Senior recognition and event-direction cards,Graduation Banner Ideas,Create a Graduation Banner,"National window; local calendars vary"
teacher-appreciation-2027,Teacher & Staff Appreciation,2,2027-05-03 to 2027-05-07,2027-04-01,2027-04-05,2027-04-28,2027-05-07,"Schools, districts, PTAs/PTOs, families","Vinyl banners, yard signs","teacher appreciation banner; school staff appreciation signs",Authentic school appreciation display with professional banner,Staff recognition cards,Teacher Appreciation Banner Ideas,Create an Appreciation Banner,https://classic.ptotoday.com/pto-today-articles/article/9459-school-calendar-special-days-appreciation-days
mothers-day-2027,Mother's Day Events & Retail Promotions,3,2027-05-09,2027-04-05,2027-04-12,2027-05-03,2027-05-09,"Retailers, restaurants, event venues, churches","Vinyl banners, yard signs","Mother's Day banner; brunch signs",Supporting card rather than full hero,Brunch event and promotion cards,Mother's Day Event Signage Ideas,Create Mother's Day Signage,https://www.timeanddate.com/holidays/us/2027
memorial-day-2027,Memorial Day Parades Events & Promotions,1,2027-05-31,2027-04-12,2027-04-26,2027-05-24,2027-05-31,"Municipalities, veteran organizations, retailers, event organizers","Vinyl banners, yard signs","Memorial Day banner; parade banner; Memorial Day sale signs",Respectful bright civic or storefront campaign with accurate event signage,Parade sale and directional cards,Memorial Day Banner Ideas,Create Memorial Day Signage,https://www.opm.gov/policy-data-oversight/pay-leave/federal-holidays/
weddings-reunions-2027,Weddings Family Reunions & Summer Celebrations,2,April-September,2027-03-15,2027-04-15,2027-08-31,2027-09-30,"Families, venues, planners, caterers","Vinyl banners, yard signs","wedding welcome sign; family reunion banner; event directional signs",Bright real venue with tasteful welcome and direction signage,Welcome directional and photo backdrop cards,Outdoor Celebration Signage Guide,Create Event Signage,"National outdoor-event window"
summer-markets-2027,Farmers Markets Festivals Fairs & Outdoor Events,1,May-August,2027-04-01,2027-04-15,2027-07-31,2027-08-31,"Vendors, municipalities, nonprofits, event organizers","Vinyl banners, yard signs, car magnets","farmers market banner; festival signs; fair banner",Bright real outdoor market with vendor and entrance banners,Vendor directional and sponsor cards,Farmers Market Banner Guide,Create Market Signage,"National outdoor-event window"
summer-camps-2027,Summer Camps Vacation Bible School & Youth Programs,1,May-August,2027-04-15,2027-05-01,2027-06-30,2027-08-01,"Churches, camps, schools, youth organizations","Vinyl banners, yard signs","VBS banner; summer camp banner; youth program signs",Bright real camp or church program setting with event banner,Registration directional and sponsor cards,Summer Camp and VBS Banner Ideas,Create Program Signage,"National program window"
fathers-day-2027,Father's Day Events & Retail Promotions,3,2027-06-20,2027-05-10,2027-05-17,2027-06-13,2027-06-20,"Retailers, restaurants, event venues, churches","Vinyl banners, yard signs","Father's Day banner; event signs",Supporting card rather than full hero,Event and promotion cards,Father's Day Event Signage Ideas,Create Father's Day Signage,https://www.timeanddate.com/holidays/us/2027
juneteenth-2027,Juneteenth Community Events & Festivals,2,2027-06-19,2027-05-17,2027-05-24,2027-06-12,2027-06-19,"Municipalities, nonprofits, schools, community groups","Vinyl banners, yard signs","Juneteenth banner; festival signs; community event banner",Bright respectful community event with professionally branded signage,Event directional and sponsor cards,Juneteenth Event Signage Guide,Create Juneteenth Signage,https://www.opm.gov/policy-data-oversight/pay-leave/federal-holidays/
independence-day-2027,Independence Day Parades Sales & Events,1,2027-07-04,2027-05-24,2027-06-01,2027-06-27,2027-07-04,"Municipalities, retailers, restaurants, event organizers","Vinyl banners, yard signs","July 4 banner; Independence Day sale signs; parade banner",Bright daytime civic or storefront scene with substantial banner,Parade sale and directional cards,July 4 Banner Ideas,Create July 4 Signage,https://www.opm.gov/policy-data-oversight/pay-leave/federal-holidays/
back-to-school-2027,Back to School First Days & Open Houses,1,July-September,2027-06-15,2027-07-01,2027-08-27,2027-09-10,"Schools, districts, PTAs/PTOs, athletic departments","Vinyl banners, yard signs","back to school banners; first day banner; open house signs",New and visually distinct real-school campaign,Open house sports and registration cards,Back to School Banner Ideas,Create a School Banner,"National buying window; local dates vary"
fall-sports-2027,Fall Sports Homecoming & Senior Night,1,August-October,2027-07-26,2027-08-02,2027-09-30,2027-10-15,"Schools, booster clubs, youth leagues, colleges","Vinyl banners, yard signs","senior night banners; football banners; homecoming signs",Real stadium or gym with unique team identity,Schedule sponsor and recognition cards,Senior Night Banner Ideas,Design Team Signage,"National season window"
labor-day-2027,Labor Day Sales & Fall Kickoff,1,2027-09-06,2027-08-09,2027-08-16,2027-08-30,2027-09-06,"Retailers, restaurants, service businesses, event organizers","Vinyl banners, yard signs","Labor Day sale banner; fall sale signs",Bright storefront or outdoor event with unique promotion branding,Deadline strip plus fall-event cards,Labor Day Sale Banner Ideas,Create a Labor Day Banner,https://www.opm.gov/policy-data-oversight/pay-leave/federal-holidays/
fall-trade-shows-2027,Fall Trade Show & Conference Season,1,August-November,2027-07-15,2027-07-26,2027-10-15,2027-11-15,"Exhibitors, event marketers, associations","Vinyl banners","trade show banner; conference signage; booth banner",Professional exhibit booth with a distinct brand identity,Upcoming show and booth-size cards,Trade Show Banner Checklist,Prepare Your Booth Banner,"National conference buying window"
fall-community-2027,Fall Festivals Church Events & Fundraisers,2,September-October,2027-09-01,2027-09-01,2027-10-20,2027-10-31,"Churches, nonprofits, schools, municipalities","Vinyl banners, yard signs","fall festival banner; church event banner; fundraiser signs",Bright real community event with unique graphics,Seasonal category and fundraiser cards,Fall Festival Banner Planning Guide,Create an Event Banner,"National fall event window"
halloween-2027,Halloween Events & Promotions,2,2027-10-31,2027-09-20,2027-10-01,2027-10-24,2027-10-31,"Retailers, schools, churches, attractions, community groups","Vinyl banners, yard signs","Halloween banner; trunk or treat signs",Daylight family-friendly event imagery,Event and directional cards,Halloween Event Signage Ideas,Design Halloween Signage,https://www.timeanddate.com/holidays/us/2027
veterans-day-2027,Veterans Day & Community Recognition,2,2027-11-11,2027-10-11,2027-10-18,2027-11-04,2027-11-11,"Schools, municipalities, nonprofits, veteran organizations","Vinyl banners, yard signs","Veterans Day banner; parade banner",Respectful civic recognition imagery,Parade and ceremony signage cards,Veterans Day Banner Ideas,Create a Recognition Banner,https://www.opm.gov/policy-data-oversight/pay-leave/federal-holidays/
thanksgiving-2027,Thanksgiving Food Drives & Fall Events,2,2027-11-25,2027-10-18,2027-11-01,2027-11-18,2027-11-25,"Churches, food banks, schools, restaurants, community groups","Vinyl banners, yard signs","Thanksgiving banner; food drive signs",Bright community collection or event scene,Food-drive and event cards,Thanksgiving Event Banner Ideas,Create Thanksgiving Signage,https://www.opm.gov/policy-data-oversight/pay-leave/federal-holidays/
holiday-sales-2027,Black Friday Small Business Saturday & Cyber Monday,1,2027-11-26 to 2027-11-29,2027-11-01,2027-11-08,2027-11-22,2027-11-29,"Retailers, restaurants, local service businesses","Vinyl banners, yard signs, car magnets","Black Friday banner; Small Business Saturday signs",Bright real retail environment with unique promotion identity,Deadline strip plus sale and pickup-direction cards,Holiday Retail Banner Planning Guide,Create Holiday Sale Signage,"Dates follow Thanksgiving weekend"
holiday-events-2027,Christmas & Holiday Events,1,December 1-23,2027-11-15,2027-11-15,2027-12-15,2027-12-23,"Retailers, schools, churches, nonprofits, event venues","Vinyl banners, yard signs","Christmas banner; holiday event signs",Bright real retail or community holiday scene,Event and directional cards,Christmas and Holiday Banner Ideas,Design Holiday Signage,"End before the primary event passes"
new-year-2028,New Year's Eve & Year-End Promotions,2,2027-12-31 to 2028-01-01,2027-12-13,2027-12-13,2027-12-27,2028-01-02,"Event venues, restaurants, retailers, service businesses","Vinyl banners, yard signs","New Year's Eve banner; year-end sale banner",Bright celebration venue or storefront,Year-end sale and event cards,New Year's Event Banner Ideas,Create New Year's Signage,"Commercial observance"
evergreen-grand-opening,Grand Openings Reopenings & New Locations,2,Year-round,2027-01-01,2027-01-01,2027-12-31,2027-12-31,"Retailers, restaurants, service businesses, franchises","Vinyl banners, yard signs, car magnets","grand opening banner; reopening signs; new location banner",Evergreen supporting merchandising with realistic storefront photography,Business visibility cards,Grand Opening Banner Ideas,Create a Grand Opening Banner,"Evergreen demand; elevate during spring business season"
evergreen-hiring,Now Hiring & Seasonal Hiring,2,January-February and August-November,2027-01-02,2027-01-02,2027-11-15,2027-11-30,"Retailers, restaurants, warehouses, contractors, service businesses","Vinyl banners, yard signs, car magnets","now hiring banner; hiring signs; recruitment banner",Supporting merchandising during hiring bursts,Hiring banner and vehicle visibility cards,Now Hiring Signage Guide,Create Hiring Signage,"Use supporting modules rather than a constant hero"
evergreen-construction,Construction Season & Job-Site Visibility,2,March-November,2027-02-15,2027-03-01,2027-10-31,2027-11-30,"Contractors, builders, developers, property managers","Mesh banners, vinyl banners, yard signs, car magnets","construction fence banner; job site signs; contractor car magnets",Real job site with physically accurate mesh or vinyl installation,Job-site and contractor product cards,Construction Site Banner Guide,Create Job-Site Signage,"National outdoor construction window"
evergreen-real-estate,Real Estate Open Houses & Leasing Season,2,February-October,2027-02-01,2027-02-15,2027-09-30,2027-10-31,"Agents, brokerages, property managers, apartment communities","Yard signs, vinyl banners, car magnets","open house signs; leasing banner; real estate car magnets",Supporting module with believable property signage,Open house leasing and vehicle cards,Real Estate Signage Guide,Create Real Estate Signage,"Seasonal peak with evergreen demand"
evergreen-fundraisers,Charity Events 5Ks Fundraisers & Community Causes,2,Year-round,2027-01-01,2027-01-01,2027-12-31,2027-12-31,"Nonprofits, schools, churches, community groups","Vinyl banners, yard signs","fundraiser banner; charity event signs; 5K banner",Supporting module aligned to spring and fall event peaks,Sponsor directional and recognition cards,Fundraiser Banner Planning Guide,Create Fundraiser Signage,"Evergreen demand with spring/fall peaks"
